IP,country
93.158.90.114,Sweden
3.80.192.211,United States
144.76.27.118,Germany
168.119.140.254,Germany
3.94.81.106,United States
157.90.177.226,Germany
185.191.171.33,United States
108.41.14.110,United States
185.191.171.24,United States
54.70.40.11,United States
51.222.253.2,Canada
185.191.171.8,United States
95.216.96.170,Finland
95.216.96.243,Finland
185.191.171.17,United States
185.191.171.20,United States
114.119.139.42,Singapore
66.249.64.108,United States
185.191.171.13,United States
207.46.13.67,United States
139.18.2.214,Germany
104.128.16.84,United States
65.21.180.0,Finland
185.191.171.36,United States
185.191.171.7,United States
95.216.96.254,Finland
40.77.167.6,United States
104.128.17.114,United States
54.36.148.145,France
54.36.149.15,France
94.130.237.182,Germany
216.244.66.194,United States
54.146.86.99,United States
185.191.171.2,United States
185.191.171.26,United States
135.181.83.154,Finland
207.46.13.167,United States
207.46.13.58,United States
207.46.13.56,United States
185.191.171.15,United States
159.69.189.223,Germany
54.237.226.182,United States
185.191.171.16,United States
52.201.160.66,United States
94.130.16.31,Germany
157.55.39.198,United States
104.128.22.19,United States
185.191.171.22,United States
95.216.157.237,Finland
157.55.39.78,United States
17.58.97.200,United States
208.88.201.48,United States
185.191.171.21,United States
185.191.171.38,United States
81.209.177.145,Germany
185.191.171.42,United States
34.234.54.252,United States
104.128.17.145,United States
54.36.149.32,France
118.103.238.33,Pakistan
185.191.171.6,United States
185.191.171.10,United States
161.97.144.155,Germany
159.69.189.199,Germany
93.158.161.42,Russia
45.5.67.32,United States
54.36.148.184,France
95.216.96.245,Finland
185.191.171.45,United States
17.58.97.203,United States
159.69.189.200,Germany
185.191.171.3,United States
66.249.75.208,United States
104.237.245.115,United States
185.191.171.19,United States
46.4.107.51,Germany
192.200.18.207,United States
108.6.23.29,United States
54.36.148.93,France
95.216.157.233,Finland
192.200.16.182,United States
95.216.96.242,Finland
46.229.168.147,United States
46.229.168.129,United States
46.229.168.144,United States
54.36.148.222,France
192.200.18.157,United States
46.229.168.135,United States
95.216.96.244,Finland
66.249.75.68,United States
46.229.168.154,United States
46.229.168.136,United States
95.216.157.228,Finland
46.229.168.161,United States
192.200.16.210,United States
46.229.168.146,United States
46.229.168.138,United States
40.77.167.111,United States
3.234.241.200,United States
46.229.168.143,United States
46.229.168.162,United States
5.45.82.205,Russia
88.99.1.66,Germany
54.36.148.116,France
208.166.54.90,United States
157.55.39.235,United States
199.47.87.142,United States
173.46.245.156,United States
176.113.115.110,Russia
212.71.244.176,United Kingdom
82.193.117.90,Ukraine
117.98.128.78,India
46.229.168.134,United States
35.240.99.74,Belgium
35.241.165.236,Belgium
34.77.73.92,Belgium
38.126.157.45,United States
35.240.95.91,Belgium
35.241.171.221,Belgium
67.163.59.140,United States
35.205.43.178,Belgium
35.241.217.122,Belgium
96.47.229.195,United States
18.215.245.125,United States
35.233.94.10,Belgium
185.234.217.19,Poland
35.240.18.134,Belgium
220.243.136.73,China
130.126.255.28,United States
69.117.75.80,United States
140.113.62.145,Taiwan
104.199.17.151,Belgium
35.205.39.17,Belgium
23.251.135.157,Belgium
35.195.174.110,Belgium
10.192.75.170,
188.165.164.179,France
35.184.189.105,United States
176.9.61.4,Germany
54.191.40.80,United States
183.38.95.181,China
68.168.100.144,United States
148.251.144.116,Germany
89.212.22.23,Slovenia
193.70.15.60,France
121.17.99.132,China
47.90.107.118,Hong Kong
183.39.177.39,China
113.118.244.21,China
99.20.142.249,United States
188.165.229.190,France
52.3.105.23,United States
129.7.154.7,United States
5.9.72.48,Germany
31.193.239.215,Denmark
68.168.100.72,United States
180.76.15.151,China
167.114.0.27,Canada
155.69.161.12,Singapore
212.115.224.115,Ukraine
185.81.155.175,Turkey
216.17.109.3,United States
91.223.82.48,Netherlands
180.76.15.25,China
180.76.15.29,China
46.105.127.205,France
125.253.121.29,Vietnam
52.89.186.179,United States
180.76.15.150,China
92.44.121.66,Turkey
217.29.51.172,Russia
180.76.15.160,China
188.240.88.17,Serbia
91.151.176.83,Russia
54.187.24.118,United States
180.76.15.135,China
180.76.15.148,China
180.76.15.156,China
192.99.151.77,Canada
180.76.5.24,Japan
89.108.105.13,Russia
130.83.139.14,Germany
54.213.0.17,United States
69.64.95.121,United States
180.76.6.156,China
23.94.252.120,United States
155.223.40.10,Turkey
92.44.33.118,Turkey
212.187.97.141,Netherlands
142.104.35.104,Canada
91.218.213.215,Ukraine
178.62.113.95,United Kingdom
173.36.240.171,United States
178.63.66.72,Germany
128.174.164.12,United States
192.99.149.88,Canada
172.17.123.10,
192.99.19.154,Canada
162.223.10.198,United States
5.79.86.145,Netherlands
61.187.54.9,China
182.48.111.214,China
37.228.105.7,United States
172.16.145.237,
64.233.172.231,United States
119.39.124.170,China
94.23.233.204,France
69.106.235.131,United States
172.16.223.8,
174.123.66.4,United States
180.210.191.2,Bangladesh
171.33.132.241,Netherlands
117.79.232.229,China
219.140.61.239,China
113.140.6.195,China
77.190.64.253,Germany
113.140.6.198,China
155.185.49.148,Italy
95.238.35.79,Italy
89.14.213.248,Germany
114.255.44.132,China
173.36.196.11,United States
78.160.253.236,Turkey
117.218.31.32,India
130.83.139.56,Germany
219.145.194.18,China
67.2.121.76,United States
220.168.39.130,China
141.117.68.137,Canada
130.83.244.131,Germany
182.118.21.218,China
129.34.20.23,United States
168.131.154.2,South Korea
218.201.105.73,China
130.83.139.168,Germany
143.248.94.12,South Korea
188.67.211.78,Finland
81.27.59.54,Russia
85.195.101.146,Germany
37.47.180.61,Poland
180.149.133.38,China
39.117.63.1,South Korea
204.154.109.20,United States
130.91.141.42,United States
212.50.147.101,Finland
78.46.186.118,Germany
88.214.193.210,United States
98.206.140.149,United States
168.122.4.9,United States
166.111.68.198,China
113.140.6.197,China
113.142.11.178,China
112.64.235.248,China
147.8.182.14,Hong Kong
98.253.160.165,United States
81.31.190.249,Iran
84.35.103.88,Netherlands
115.248.50.20,India
194.237.142.20,Sweden
46.4.240.7,Germany
116.202.112.131,Germany
150.164.11.79,Brazil
150.164.201.57,Brazil
187.20.212.153,Brazil
46.21.144.176,United States
110.171.78.6,Thailand
192.17.107.136,United States
175.111.91.71,Indonesia
206.221.145.150,United States
130.83.220.142,Germany
61.64.232.200,Taiwan
124.120.20.169,Thailand
222.19.226.41,China
222.190.117.213,China
123.30.53.112,Vietnam
69.191.241.47,United States
128.54.43.81,United States
140.116.247.234,Taiwan
192.17.104.139,United States
95.13.79.93,Turkey
152.14.243.104,United States
203.81.175.36,Myanmar
202.115.22.222,China
152.14.93.145,United States
24.60.166.133,United States
76.127.142.70,United States
173.26.191.99,United States
173.26.254.249,United States
147.243.236.148,Brazil
194.167.251.21,France
95.67.80.146,Ukraine
121.52.155.50,Pakistan
218.211.227.156,Taiwan
122.164.181.176,India
86.124.220.29,Romania
217.219.104.30,Iran
202.108.18.192,China
91.214.45.223,Netherlands
142.150.238.8,Canada
147.8.182.126,Hong Kong
166.111.137.20,China
211.143.231.74,China
147.8.182.161,Hong Kong
58.31.128.194,China
134.197.121.245,United States
71.192.161.51,United States
65.219.4.9,United States
202.114.66.2,China
61.230.178.37,Taiwan
203.94.71.181,Sri Lanka
202.40.139.170,Hong Kong
217.216.155.156,Spain
125.71.228.70,China
91.205.96.13,Belgium
163.117.139.47,Spain
80.152.160.143,Germany
202.6.112.48,Australia
219.234.81.136,China
121.33.190.168,China
130.83.163.213,Germany
218.85.112.17,China
146.227.1.15,United Kingdom
128.174.244.214,United States
60.255.203.198,China
72.43.206.226,United States
95.215.0.195,Russia
131.112.16.96,Japan
78.183.38.220,Turkey
92.230.210.69,Germany
129.97.92.222,Canada
141.223.107.136,South Korea
192.17.105.216,United States
173.183.79.192,Canada
78.233.214.97,France
113.240.68.204,China
67.176.192.248,United States
192.17.108.3,United States
192.17.107.72,United States
189.83.210.129,Brazil
131.227.151.223,United Kingdom
117.103.228.53,Vietnam
192.223.136.6,United States
218.77.105.248,China
83.219.119.32,Switzerland
128.222.37.57,United States
65.203.131.194,United States
193.157.204.45,Norway
129.240.68.130,Norway
58.193.152.39,China
125.82.5.92,China
168.7.116.82,United States
221.217.180.80,China
210.0.224.23,Hong Kong
123.193.240.156,Taiwan
61.213.152.101,Japan
192.107.175.11,United States
112.65.49.38,China
130.161.158.141,Netherlands
24.192.99.32,United States
128.174.247.93,United States
59.174.167.142,China
108.56.201.190,United States
220.181.61.165,China
151.62.46.61,Italy
70.51.232.207,Canada
58.147.168.28,Bangladesh
137.132.250.13,Singapore
122.120.33.115,Singapore
209.202.115.133,Canada
147.8.182.103,Hong Kong
24.1.31.152,United States
99.243.210.116,Canada
59.162.253.190,India
147.8.183.242,Hong Kong
154.5.33.240,Canada
193.49.161.206,France
93.174.93.222,Netherlands
137.132.250.7,Singapore
113.57.64.78,China
137.132.250.6,Singapore
173.32.65.198,Canada
75.67.133.202,United States
193.49.161.184,France
203.162.21.214,Vietnam
192.17.145.146,United States
61.61.254.9,Taiwan
219.79.97.162,Hong Kong
82.236.133.162,France
71.231.179.93,United States
220.244.174.105,Australia
24.240.78.147,United States
173.26.204.235,United States
128.174.247.72,United States
128.125.163.177,United States
128.146.27.107,United States
155.69.220.214,Singapore
98.176.164.165,United States
93.106.123.35,Finland
163.143.91.109,Japan
125.232.102.25,Singapore
125.33.186.223,China
128.174.247.22,United States
202.156.10.247,Singapore
99.48.55.150,United States
152.14.240.172,United States
119.145.41.2,China
219.234.81.115,China
219.234.81.100,China
165.124.182.199,United States
210.42.103.134,China
98.212.128.133,United States
165.124.214.59,United States
165.124.116.23,United States
192.17.205.154,United States
202.117.64.106,China
129.186.159.237,United States
149.156.124.3,Poland
167.206.125.124,United States
59.174.173.72,China
24.187.39.31,United States
76.171.166.59,United States
220.255.7.244,Singapore
88.163.79.114,France
130.245.206.18,United States
210.75.225.122,China
218.249.29.148,China
210.75.225.140,China
123.116.125.19,China
203.110.246.22,India
81.157.222.33,United Kingdom
119.131.170.174,China
130.83.139.12,Germany
135.245.10.1,United States
98.212.207.191,United States
152.14.242.20,United States
150.148.0.65,United States
59.174.165.191,China
117.32.153.145,China
202.113.76.99,China
147.8.182.111,Hong Kong
114.32.87.15,Taiwan
188.40.79.201,Germany
69.236.84.93,United States
213.233.184.119,Iran
165.21.240.146,Singapore
59.174.27.137,China
125.71.228.73,China
140.112.29.128,Taiwan
128.8.127.163,United States
82.81.129.92,Israel
94.54.19.126,Turkey
130.126.179.184,United States
192.17.206.13,United States
117.58.240.43,Bangladesh
121.227.142.235,China
202.156.10.251,Singapore
58.192.33.82,China
123.103.67.173,China
140.203.154.11,Ireland
80.199.118.186,Denmark
119.237.155.61,Hong Kong
210.107.132.242,South Korea
219.143.151.146,China
122.164.27.153,India
82.227.5.241,France
222.128.5.154,China
128.174.237.103,United States
155.69.221.119,Singapore
195.130.72.60,Greece
121.33.190.156,China
121.15.94.100,China
98.212.224.57,United States
128.174.240.97,United States
192.17.144.65,United States
144.214.130.3,Hong Kong
131.94.128.107,United States
131.94.134.65,United States
147.46.251.214,South Korea
203.247.149.252,South Korea
192.17.145.132,United States
218.188.3.10,Hong Kong
58.218.185.111,China
141.223.107.118,South Korea
131.94.129.120,United States
131.94.108.105,United States
129.254.242.41,South Korea
218.76.61.69,China
202.156.10.243,Singapore
219.223.194.194,China
218.28.29.234,China
203.110.175.46,China
59.174.181.73,China
58.207.160.108,China
58.207.136.130,China
137.132.3.6,Singapore
166.111.140.21,China
141.154.76.107,United States
129.93.159.67,United States
58.212.83.74,China
79.28.48.209,Italy
137.73.11.160,United Kingdom
218.76.43.127,China
76.197.245.88,United States
202.40.139.171,Hong Kong
218.24.179.205,China
219.133.62.73,China
128.174.244.37,United States
128.61.82.238,United States
155.245.64.87,United Kingdom
132.227.83.156,France
91.184.76.13,Iran
202.120.7.16,China
121.14.96.152,China
128.238.34.227,United States
130.161.158.117,Netherlands
121.246.235.244,India
152.14.92.44,United States
152.14.241.2,United States
24.63.207.195,United States
72.85.171.92,United States
24.250.245.209,United States
82.50.13.181,Italy
24.174.2.101,United States
75.101.223.215,United States
149.164.36.55,United States
221.146.229.104,South Korea
147.6.2.227,South Korea
128.238.38.121,United States
193.230.227.3,Romania
209.252.124.90,United States
121.34.176.89,China
122.169.132.92,India
81.153.22.246,United Kingdom
128.84.97.240,United States
195.43.9.238,Egypt
129.59.8.10,United States
129.59.89.158,United States
129.59.82.254,United States
140.114.39.160,Taiwan
128.36.149.100,United States
195.142.236.12,Turkey
202.115.22.253,China
98.220.250.171,United States
130.192.156.245,Italy
129.59.83.51,United States
202.78.230.194,Vietnam
118.161.154.133,Taiwan
140.123.102.61,Taiwan
193.10.66.22,Sweden
212.178.222.21,Netherlands
98.212.202.202,United States
171.69.75.45,United States
222.20.249.90,China
70.42.78.72,United States
125.35.5.70,China
130.126.136.100,United States
220.248.148.130,China
189.10.170.33,Brazil
200.233.31.248,Brazil
209.131.62.113,United States
209.131.62.115,United States
192.16.201.134,Netherlands
158.130.53.130,United States
128.174.253.188,United States
130.156.66.74,United States
131.236.1.5,Australia
130.126.130.117,United States
89.240.54.130,United Kingdom
129.59.89.129,United States
189.32.115.178,Brazil
162.105.146.2,China
142.150.238.15,Canada
117.3.35.109,Vietnam
202.153.42.243,India
220.234.161.5,China
131.107.204.126,United States
130.156.68.217,United States
203.162.3.159,Vietnam
130.192.157.132,Italy
156.17.10.52,Poland
202.114.114.30,China
202.70.91.3,Nepal
166.111.130.25,China
159.226.40.7,China
222.183.19.232,China
63.162.194.147,United States
159.226.39.198,China
24.5.182.131,United States
143.215.129.49,United States
221.10.55.208,China
152.7.207.154,United States
135.245.152.36,United States
123.112.69.252,China
63.116.109.10,United States
159.226.21.63,China
128.10.8.99,United States
195.235.93.131,Spain
59.109.75.82,China
211.145.120.240,China
151.21.22.221,Italy
130.206.30.218,Spain
130.156.71.118,United States
159.226.43.49,China
59.172.157.61,China
65.92.240.152,Canada
58.207.152.176,China
68.48.229.28,United States
165.93.176.109,Japan
128.61.28.41,United States
210.107.132.76,South Korea
150.65.2.137,Japan
200.96.84.212,Brazil
202.40.139.164,Hong Kong
130.192.3.16,Italy
164.119.80.241,United States
128.95.33.223,United States
68.100.63.110,United States
98.212.190.67,United States
58.211.218.102,China
82.51.42.196,Italy
82.233.157.198,France
129.107.2.114,United States
166.111.138.101,China
128.174.73.173,United States
130.192.157.154,Italy
82.225.185.154,France
220.227.177.73,India
128.174.241.61,United States
24.3.18.131,United States
202.197.8.3,China
151.21.18.125,Italy
151.21.22.213,Italy
209.85.93.227,United States
218.104.71.166,China
159.226.39.195,China
128.211.179.45,United States
163.152.219.208,South Korea
220.130.147.46,Taiwan
128.174.253.219,United States
58.20.34.13,China
218.6.128.28,China
122.116.113.16,Taiwan
71.232.76.51,United States
133.243.3.18,Japan
128.174.247.205,United States
128.174.253.74,United States
98.212.172.243,United States
128.189.189.49,Canada
189.70.178.144,United States
99.147.11.5,United States
98.212.161.224,United States
210.77.11.70,China
221.10.55.227,China
169.231.44.222,United States
128.174.241.41,United States
221.10.55.248,China
210.13.109.121,China
128.174.253.186,United States
128.174.241.179,United States
